,urlkey,timestamp,original,mimetype,statuscode,digest,length,first_capture,last_capture,current_status,file_path
0,"au,gov,education,docs)/system/files/doc/other/1.atsiheac_indigenous_stem_roundtable_4_december_2013_2.pptx",20170317221005,https://docs.education.gov.au/system/files/doc/other/1.atsiheac_indigenous_stem_roundtable_4_december_2013_2.pptx,application/vnd.openxmlformats-officedocument.presentationml.presentation,200,4KINVGIFF6MRS333LLSE3H4ZBDVEK74G,219435,20170317221005,20190410160613,200,powerpoints/education-gov-au/au-gov-education-docs-system-files-doc-other-1-atsiheac-indigenous-stem-roundtable-4-december-2013-2-pptx-20170317221005.pptx
1,"au,gov,education,docs)/system/files/doc/other/2.presentation_to_go8_deans_of_engineering_8_may_2014.pptx",20180423021742,https://docs.education.gov.au/system/files/doc/other/2.presentation_to_go8_deans_of_engineering_8_may_2014.pptx,application/vnd.openxmlformats-officedocument.presentationml.presentation,200,EAFDTVCINL4EBHJPCRR5YPZIRKKYKNT6,1009135,20180423021742,20190410160644,200,powerpoints/education-gov-au/au-gov-education-docs-system-files-doc-other-2-presentation-to-go8-deans-of-engineering-8-may-2014-pptx-20180423021742.pptx
2,"au,gov,education,docs)/system/files/doc/other/20131204_-_atsiheac_indigenous_stem_roundtable_-_chairs_introduction.pptx",20160329134542,https://docs.education.gov.au/system/files/doc/other/20131204_-_atsiheac_indigenous_stem_roundtable_-_chairs_introduction.pptx,application/vnd.openxmlformats-officedocument.presentationml.presentation,200,TH7PBW7BDPCAQOWECZO6XAW6RE4QM6NS,258215,20160329134542,20160329134542,403,powerpoints/education-gov-au/au-gov-education-docs-system-files-doc-other-20131204-atsiheac-indigenous-stem-roundtable-chairs-introduction-pptx-20160329134542.pptx
3,"au,gov,education,docs)/system/files/doc/other/20180522_-_webcast_for_ihc_services_-_clean.pptx",20190421165805,https://docs.education.gov.au/system/files/doc/other/20180522_-_webcast_for_ihc_services_-_clean.pptx,application/vnd.openxmlformats-officedocument.presentationml.presentation,200,MA3XCGC6PDQUH34FGOMCDF3JDNDM5NST,1556063,20190421165805,20190421165805,200,powerpoints/education-gov-au/au-gov-education-docs-system-files-doc-other-20180522-webcast-for-ihc-services-clean-pptx-20190421165805.pptx
4,"au,gov,education,docs)/system/files/doc/other/3.presentation_to_acdict_7_july_2014.pptx",20180423021849,https://docs.education.gov.au/system/files/doc/other/3.presentation_to_acdict_7_july_2014.pptx,application/vnd.openxmlformats-officedocument.presentationml.presentation,200,T6JIO3WN4TLI6H4RRWCQVA6JK63GXXH6,2665288,20180423021849,20190410160726,200,powerpoints/education-gov-au/au-gov-education-docs-system-files-doc-other-3-presentation-to-acdict-7-july-2014-pptx-20180423021849.pptx
5,"au,gov,education,docs)/system/files/doc/other/4.presentation_to_acds_29_september_2014.pptx",20180423021954,https://docs.education.gov.au/system/files/doc/other/4.presentation_to_acds_29_september_2014.pptx,application/vnd.openxmlformats-officedocument.presentationml.presentation,200,CWGMA6XVXK72N6IO2OSBIYHVMNHX3MBV,2305676,20180423021954,20190410161813,200,powerpoints/education-gov-au/au-gov-education-docs-system-files-doc-other-4-presentation-to-acds-29-september-2014-pptx-20180423021954.pptx
6,"au,gov,education,docs)/system/files/doc/other/5.presentation_to_acde_30_september_2014.pptx",20180423022109,https://docs.education.gov.au/system/files/doc/other/5.presentation_to_acde_30_september_2014.pptx,application/vnd.openxmlformats-officedocument.presentationml.presentation,200,KYQPKVRI6JRDFVS5QAKLCBNXCDZGAFOH,2246099,20180423022109,20190412131306,200,powerpoints/education-gov-au/au-gov-education-docs-system-files-doc-other-5-presentation-to-acde-30-september-2014-pptx-20180423022109.pptx
7,"au,gov,education,docs)/system/files/doc/other/6.presentation_to_atsima_10_november_2014.pptx",20180423022227,https://docs.education.gov.au/system/files/doc/other/6.presentation_to_atsima_10_november_2014.pptx,application/vnd.openxmlformats-officedocument.presentationml.presentation,200,6KV4RVIBHWPRR3UKG4PR25XFZTEUURYF,2191977,20180423022227,20190412131346,200,powerpoints/education-gov-au/au-gov-education-docs-system-files-doc-other-6-presentation-to-atsima-10-november-2014-pptx-20180423022227.pptx
8,"au,gov,education,docs)/system/files/doc/other/7.atsiheac_indigenous_business_roundtable_12_june_2015.pptx",20180423022325,https://docs.education.gov.au/system/files/doc/other/7.atsiheac_indigenous_business_roundtable_12_june_2015.pptx,application/vnd.openxmlformats-officedocument.presentationml.presentation,200,2NEGHNQWF7BO7DFXF2CAUNT33FYPUNI3,2255615,20180423022325,20190412131418,200,powerpoints/education-gov-au/au-gov-education-docs-system-files-doc-other-7-atsiheac-indigenous-business-roundtable-12-june-2015-pptx-20180423022325.pptx
9,"au,gov,education,docs)/system/files/doc/other/aqf_review_consultation_presentation.pptx",20190404035624,https://docs.education.gov.au/system/files/doc/other/aqf_review_consultation_presentation.pptx,application/vnd.openxmlformats-officedocument.presentationml.presentation,200,P7D765W7JSVZAWQRI6RHDIB65LQZOWAT,519659,20190404035624,20190404035624,200,powerpoints/education-gov-au/au-gov-education-docs-system-files-doc-other-aqf-review-consultation-presentation-pptx-20190404035624.pptx
10,"au,gov,education,docs)/system/files/doc/other/arc_presentation_-_anne_castles_and_genevieve_mcarthur.pptx",20150327005845,http://docs.education.gov.au/system/files/doc/other/arc_presentation_-_anne_castles_and_genevieve_mcarthur.pptx,application/vnd.openxmlformats-officedocument.presentationml.presentation,200,LSEJWM7E7Y5YOWZEJMVLGXGENJHDEH7D,5824825,20150327005845,20150327005845,200,powerpoints/education-gov-au/au-gov-education-docs-system-files-doc-other-arc-presentation-anne-castles-and-genevieve-mcarthur-pptx-20150327005845.pptx
11,"au,gov,education,docs)/system/files/doc/other/dr_nola_firth.pptx",20150327005945,http://docs.education.gov.au/system/files/doc/other/dr_nola_firth.pptx,application/vnd.openxmlformats-officedocument.presentationml.presentation,200,WK57LSRJOQOIGOND2TRKDVGZZQMAHWLC,929539,20150327005945,20150327005945,200,powerpoints/education-gov-au/au-gov-education-docs-system-files-doc-other-dr-nola-firth-pptx-20150327005945.pptx
12,"au,gov,education,docs)/system/files/doc/other/engagingemployers_session1_jonathan_barr.pptx",20190414130859,https://docs.education.gov.au/system/files/doc/other/engagingemployers_session1_jonathan_barr.pptx,application/vnd.openxmlformats-officedocument.presentationml.presentation,200,BLK3EGAO6PYCATVHDY3TVYHMLMLJFWDR,394867,20190414130859,20190414130859,403,powerpoints/education-gov-au/au-gov-education-docs-system-files-doc-other-engagingemployers-session1-jonathan-barr-pptx-20190414130859.pptx
13,"au,gov,education,docs)/system/files/doc/other/engagingemployers_session1_lorismoriconi.pptx",20190414125928,https://docs.education.gov.au/system/files/doc/other/engagingemployers_session1_lorismoriconi.pptx,application/vnd.openxmlformats-officedocument.presentationml.presentation,200,NRG55267B2GUKFPRDNASSWKDHSAH7MMV,23730004,20190414125928,20190414125928,403,powerpoints/education-gov-au/au-gov-education-docs-system-files-doc-other-engagingemployers-session1-lorismoriconi-pptx-20190414125928.pptx
14,"au,gov,education,docs)/system/files/doc/other/engagingemployers_session2_dalewilliams.pptx",20190414130236,https://docs.education.gov.au/system/files/doc/other/engagingemployers_session2_dalewilliams.pptx,application/vnd.openxmlformats-officedocument.presentationml.presentation,200,UOLZJCF5SFVAYSNR3F6ZSJSN76OJWXQJ,1308430,20190414130236,20190414130236,403,powerpoints/education-gov-au/au-gov-education-docs-system-files-doc-other-engagingemployers-session2-dalewilliams-pptx-20190414130236.pptx
15,"au,gov,education,docs)/system/files/doc/other/engagingemployers_session2_janowen.pptx",20190414130451,https://docs.education.gov.au/system/files/doc/other/engagingemployers_session2_janowen.pptx,application/vnd.openxmlformats-officedocument.presentationml.presentation,200,6XVKU4UMDLXK4N4HNHC36GER5GUVCKOV,15640652,20190414130451,20190414130451,403,powerpoints/education-gov-au/au-gov-education-docs-system-files-doc-other-engagingemployers-session2-janowen-pptx-20190414130451.pptx
16,"au,gov,education,docs)/system/files/doc/other/engagingemployers_session2_simonwhatmore.pptx",20190414132149,https://docs.education.gov.au/system/files/doc/other/engagingemployers_session2_simonwhatmore.pptx,application/vnd.openxmlformats-officedocument.presentationml.presentation,200,ZOND2QF6Z2UIDSSYHV54NZIQTLVNMK54,8180426,20190414132149,20190414132149,403,powerpoints/education-gov-au/au-gov-education-docs-system-files-doc-other-engagingemployers-session2-simonwhatmore-pptx-20190414132149.pptx
17,"au,gov,education,docs)/system/files/doc/other/engagingemployers_session3_ericasmith.pptx",20190414130348,https://docs.education.gov.au/system/files/doc/other/engagingemployers_session3_ericasmith.pptx,application/vnd.openxmlformats-officedocument.presentationml.presentation,200,R2MOUO4T6PEOWQWBAZTJNGG7PL3DD3I4,712217,20190414130348,20190414130348,403,powerpoints/education-gov-au/au-gov-education-docs-system-files-doc-other-engagingemployers-session3-ericasmith-pptx-20190414130348.pptx
18,"au,gov,education,docs)/system/files/doc/other/engagingemployers_session3_myung-sookjun.pptx",20190414131014,https://docs.education.gov.au/system/files/doc/other/engagingemployers_session3_myung-sookjun.pptx,application/vnd.openxmlformats-officedocument.presentationml.presentation,200,OT2GRKFMTLA63W5ASNCQ5SMH6QHH42TG,319978,20190414131014,20190414131014,403,powerpoints/education-gov-au/au-gov-education-docs-system-files-doc-other-engagingemployers-session3-myung-sookjun-pptx-20190414131014.pptx
19,"au,gov,education,docs)/system/files/doc/other/engagingemployers_session3_sylvaingiguere.pptx",20190414132438,https://docs.education.gov.au/system/files/doc/other/engagingemployers_session3_sylvaingiguere.pptx,application/vnd.openxmlformats-officedocument.presentationml.presentation,200,7GBIAKFCKXCWC2643IVXCB6R7PJSUP7Q,452631,20190414132438,20190414132438,403,powerpoints/education-gov-au/au-gov-education-docs-system-files-doc-other-engagingemployers-session3-sylvaingiguere-pptx-20190414132438.pptx
20,"au,gov,education,docs)/system/files/doc/other/engagingemployers_session4_annarubin.pptx",20190414130131,https://docs.education.gov.au/system/files/doc/other/engagingemployers_session4_annarubin.pptx,application/vnd.openxmlformats-officedocument.presentationml.presentation,200,KN2TS5MPTYBBWA3GN6V2YDIFDDEX7A3G,519356,20190414130131,20190414130131,403,powerpoints/education-gov-au/au-gov-education-docs-system-files-doc-other-engagingemployers-session4-annarubin-pptx-20190414130131.pptx
21,"au,gov,education,docs)/system/files/doc/other/engagingemployers_session4_damianoliver.pptx",20190414132534,https://docs.education.gov.au/system/files/doc/other/engagingemployers_session4_damianoliver.pptx,application/vnd.openxmlformats-officedocument.presentationml.presentation,200,4PNX34FMHIEDVZDPLJNFBTT77KER5Q4R,242335,20190414132534,20190414132534,403,powerpoints/education-gov-au/au-gov-education-docs-system-files-doc-other-engagingemployers-session4-damianoliver-pptx-20190414132534.pptx
22,"au,gov,education,docs)/system/files/doc/other/engagingemployers_session5_shanethomas.pptx",20190414132009,https://docs.education.gov.au/system/files/doc/other/engagingemployers_session5_shanethomas.pptx,application/vnd.openxmlformats-officedocument.presentationml.presentation,200,FID6LO2DRTISE7MFGX2V7LEEPKI57OIO,5538870,20190414132009,20190414132009,403,powerpoints/education-gov-au/au-gov-education-docs-system-files-doc-other-engagingemployers-session5-shanethomas-pptx-20190414132009.pptx
23,"au,gov,education,docs)/system/files/doc/other/engagingemployers_session5_stephenbillett.pptx",20190414132318,https://docs.education.gov.au/system/files/doc/other/engagingemployers_session5_stephenbillett.pptx,application/vnd.openxmlformats-officedocument.presentationml.presentation,200,NHH3I45GZKPSLEVV7D5G54ZEIZHYSXEY,1733771,20190414132318,20190414132318,403,powerpoints/education-gov-au/au-gov-education-docs-system-files-doc-other-engagingemployers-session5-stephenbillett-pptx-20190414132318.pptx
24,"au,gov,education,docs)/system/files/doc/other/john_curtin_college_of_the_arts_.pptx",20150327010030,http://docs.education.gov.au/system/files/doc/other/john_curtin_college_of_the_arts_.pptx,application/vnd.openxmlformats-officedocument.presentationml.presentation,200,UH6C3S6RNVVS3OFMVW5VDF5TMRQCEYFH,3915346,20150327010030,20150327010030,200,powerpoints/education-gov-au/au-gov-education-docs-system-files-doc-other-john-curtin-college-of-the-arts-pptx-20150327010030.pptx
25,"au,gov,education,docs)/system/files/doc/other/o_sullivan_beach_school.pptx",20150327010130,http://docs.education.gov.au/system/files/doc/other/o_sullivan_beach_school.pptx,application/vnd.openxmlformats-officedocument.presentationml.presentation,200,ZCJE5BPLJN5R7FGGMMQYJRNOIFGL2ARR,586925,20150327010130,20150327010130,200,powerpoints/education-gov-au/au-gov-education-docs-system-files-doc-other-o-sullivan-beach-school-pptx-20150327010130.pptx
26,"au,gov,education,docs)/system/files/doc/other/opening_presentation_by_david_de_carvelho.pptx",20150328202121,http://docs.education.gov.au/system/files/doc/other/opening_presentation_by_david_de_carvelho.pptx,application/vnd.openxmlformats-officedocument.presentationml.presentation,200,YP2DTMFMKE2RC6USZXJWMMXFI6X3OKD4,428865,20150328202121,20150328202121,200,powerpoints/education-gov-au/au-gov-education-docs-system-files-doc-other-opening-presentation-by-david-de-carvelho-pptx-20150328202121.pptx
27,"au,gov,education,docs)/system/files/doc/other/opening_presentation_by_octavi_quintana_trias.pptx",20150328202045,http://docs.education.gov.au/system/files/doc/other/opening_presentation_by_octavi_quintana_trias.pptx,application/vnd.openxmlformats-officedocument.presentationml.presentation,200,MBKRLLZLWTQ27N27Y6VACZEAZA2AKLHR,1356630,20150328202045,20150328202045,200,powerpoints/education-gov-au/au-gov-education-docs-system-files-doc-other-opening-presentation-by-octavi-quintana-trias-pptx-20150328202045.pptx
28,"au,gov,education,docs)/system/files/doc/other/post_announcement_qa.pptx",20190419234125,https://docs.education.gov.au/system/files/doc/other/post_announcement_qa.pptx,application/vnd.openxmlformats-officedocument.presentationml.presentation,200,CHD2FH6JUZQE7TPOTFQU2THVXJYDNATT,267814,20190419234125,20190419234125,403,powerpoints/education-gov-au/au-gov-education-docs-system-files-doc-other-post-announcement-qa-pptx-20190419234125.pptx
29,"au,gov,education,heimshelp)/sites/heimshelp/files/documents/support/documents/training/2014-ministerial-notice-update-os-help-hecs-help.pptx",20190406174812,https://heimshelp.education.gov.au/sites/heimshelp/files/documents/Support/Documents/Training/2014-Ministerial-Notice-Update-OS-HELP-HECS-HELP.pptx,application/vnd.openxmlformats-officedocument.presentationml.presentation,200,V5FQKEQTNTRVISDBAAP5MC5RRSHX7UZB,406091,20170318055136,20190406174812,200,powerpoints/education-gov-au/au-gov-education-heimshelp-sites-heimshelp-files-documents-support-documents-training-2014-ministerial-notice-update-os-help-hecs-help-pptx-20190406174812.pptx
30,"au,gov,education,heimshelp)/sites/heimshelp/files/documents/support/documents/training/webinar-2018-hdr-requirements.pptx",20190406172954,https://heimshelp.education.gov.au/sites/heimshelp/files/documents/Support/Documents/Training/Webinar-2018-HDR-requirements.pptx,application/vnd.openxmlformats-officedocument.presentationml.presentation,200,Q2A4ANUQDJLELK27RY6RBJ3MXJ5V7Z77,420056,20170820142538,20190406172954,200,powerpoints/education-gov-au/au-gov-education-heimshelp-sites-heimshelp-files-documents-support-documents-training-webinar-2018-hdr-requirements-pptx-20190406172954.pptx
31,"au,gov,education,heimshelp)/sites/heimshelp/files/documents/support/documents/training/webinar-commencement-date-revision-submission.pptx",20190406175202,https://heimshelp.education.gov.au/sites/heimshelp/files/documents/Support/Documents/Training/Webinar-Commencement-Date-Revision-Submission.pptx,application/vnd.openxmlformats-officedocument.presentationml.presentation,200,HD4ZRZMDDKINRR2K6QWENWB5JNCYFFBJ,1061953,20170318055255,20190406175202,200,powerpoints/education-gov-au/au-gov-education-heimshelp-sites-heimshelp-files-documents-support-documents-training-webinar-commencement-date-revision-submission-pptx-20190406175202.pptx
32,"au,gov,education,heimshelp)/sites/heimshelp/files/documents/support/documents/training/webinar-final-2016-vet-fee-help.pptx",20190406173230,https://heimshelp.education.gov.au/sites/heimshelp/files/documents/Support/Documents/Training/Webinar-Final-2016-VET-FEE-HELP.pptx,application/vnd.openxmlformats-officedocument.presentationml.presentation,200,WYQL5HDGNZNABD33ZWBG2YEVTMEPQKOJ,1171315,20170318053923,20190406173230,200,powerpoints/education-gov-au/au-gov-education-heimshelp-sites-heimshelp-files-documents-support-documents-training-webinar-final-2016-vet-fee-help-pptx-20190406173230.pptx
33,"au,gov,education,heimshelp)/sites/heimshelp/files/documents/support/documents/training/webinar-monitoring-students-use-of-help.pptx",20190406174718,https://heimshelp.education.gov.au/sites/heimshelp/files/documents/Support/Documents/Training/Webinar-Monitoring-students-use-of-HELP.pptx,application/vnd.openxmlformats-officedocument.presentationml.presentation,200,FEZDPBUE6CRC7FO7N32FGSFHVYXY75GU,2578711,20180415170544,20190406174718,200,powerpoints/education-gov-au/au-gov-education-heimshelp-sites-heimshelp-files-documents-support-documents-training-webinar-monitoring-students-use-of-help-pptx-20190406174718.pptx
34,"au,gov,education,heimshelp)/sites/heimshelp/files/documents/support/documents/training/webinar-reporting-completions-data-vet.pptx",20190406173913,https://heimshelp.education.gov.au/sites/heimshelp/files/documents/Support/Documents/Training/Webinar-Reporting-completions-data-VET.pptx,application/vnd.openxmlformats-officedocument.presentationml.presentation,200,O53X657RZWC56T6MZ2OBTYDOQXKD6GYR,1449855,20190406173913,20190406173913,200,powerpoints/education-gov-au/au-gov-education-heimshelp-sites-heimshelp-files-documents-support-documents-training-webinar-reporting-completions-data-vet-pptx-20190406173913.pptx
35,"au,gov,education,heimshelp)/sites/heimshelp/files/documents/support/documents/training/webinar-reporting-completions-data.pptx",20190406174057,https://heimshelp.education.gov.au/sites/heimshelp/files/documents/Support/Documents/Training/Webinar-Reporting-completions-data.pptx,application/vnd.openxmlformats-officedocument.presentationml.presentation,200,47E3C5Y3OV4EZE76FNACWPXDCEMDKOMY,1770438,20170318054629,20190406174057,200,powerpoints/education-gov-au/au-gov-education-heimshelp-sites-heimshelp-files-documents-support-documents-training-webinar-reporting-completions-data-pptx-20190406174057.pptx
36,"au,gov,education,heimshelp)/sites/heimshelp/files/documents/support/documents/training/webinar-reporting-staff-data.pptx",20190406174923,https://heimshelp.education.gov.au/sites/heimshelp/files/documents/Support/Documents/Training/Webinar-Reporting-staff-data.pptx,application/vnd.openxmlformats-officedocument.presentationml.presentation,200,BFN5TUMSYM3TUULZBUMV3FC7EFUNHCXH,857245,20180415170707,20190406174923,200,powerpoints/education-gov-au/au-gov-education-heimshelp-sites-heimshelp-files-documents-support-documents-training-webinar-reporting-staff-data-pptx-20190406174923.pptx
37,"au,gov,education,heimshelp)/sites/heimshelp/files/documents/support/documents/training/webinar-revising-your-data.pptx",20190406174229,https://heimshelp.education.gov.au/sites/heimshelp/files/documents/Support/Documents/Training/Webinar-Revising-your-data.pptx,application/vnd.openxmlformats-officedocument.presentationml.presentation,200,L25OYDL2ALRQHEE2PJPZGZMKJGOKLRXL,1193946,20180415170314,20190406174229,200,powerpoints/education-gov-au/au-gov-education-heimshelp-sites-heimshelp-files-documents-support-documents-training-webinar-revising-your-data-pptx-20190406174229.pptx
38,"au,gov,education,heimshelp)/sites/heimshelp/files/documents/support/documents/training/webinar-simplifying-verification-he.pptx",20190406174402,https://heimshelp.education.gov.au/sites/heimshelp/files/documents/Support/Documents/Training/Webinar-Simplifying-Verification-HE.pptx,application/vnd.openxmlformats-officedocument.presentationml.presentation,200,NXAOO6UWQSOWCHDF4T4PXOB76CQHQALJ,2066645,20180415170417,20190406174402,200,powerpoints/education-gov-au/au-gov-education-heimshelp-sites-heimshelp-files-documents-support-documents-training-webinar-simplifying-verification-he-pptx-20190406174402.pptx
39,"au,gov,education,heimshelp)/sites/heimshelp/files/documents/support/documents/training/webinar-student-concordance-submission.pptx",20190406175246,https://heimshelp.education.gov.au/sites/heimshelp/files/documents/Support/Documents/Training/Webinar-Student-Concordance-Submission.pptx,application/vnd.openxmlformats-officedocument.presentationml.presentation,200,I5DULRFL4WDNSVX6R35CIDOJNGXJYVZJ,515761,20170318055331,20190406175246,200,powerpoints/education-gov-au/au-gov-education-heimshelp-sites-heimshelp-files-documents-support-documents-training-webinar-student-concordance-submission-pptx-20190406175246.pptx
40,"au,gov,education,heimshelp)/sites/heimshelp/files/documents/support/documents/training/webinar-tax-file-number-verification-2.pptx",20190406173107,https://heimshelp.education.gov.au/sites/heimshelp/files/documents/Support/Documents/Training/Webinar-Tax-File-Number-Verification-2.pptx,application/vnd.openxmlformats-officedocument.presentationml.presentation,200,TTP3W2TACKDESVMUNGM3KDFVZGWDPUTZ,1462979,20180415164626,20190406173107,200,powerpoints/education-gov-au/au-gov-education-heimshelp-sites-heimshelp-files-documents-support-documents-training-webinar-tax-file-number-verification-2-pptx-20190406173107.pptx
41,"au,gov,education,heimshelp)/sites/heimshelp/files/documents/support/documents/training/webinar-tax-file-number-verification.pptx",20190406173153,https://heimshelp.education.gov.au/sites/heimshelp/files/documents/Support/Documents/Training/Webinar-Tax-File-Number-Verification.pptx,application/vnd.openxmlformats-officedocument.presentationml.presentation,200,PDC4OBPGQE5CAAB24RTZQ5Y5QLHXRERU,1212708,20180415164728,20190406173153,200,powerpoints/education-gov-au/au-gov-education-heimshelp-sites-heimshelp-files-documents-support-documents-training-webinar-tax-file-number-verification-pptx-20190406173153.pptx
42,"au,gov,education,heimshelp)/sites/heimshelp/files/documents/support/documents/training/webinar-validating-your-data.pptx",20190406173806,https://heimshelp.education.gov.au/sites/heimshelp/files/documents/Support/Documents/Training/Webinar-Validating-Your-Data.pptx,application/vnd.openxmlformats-officedocument.presentationml.presentation,200,5P2KQ6I2TCOLM6ZR6MR7N2WWPS6YDCQV,1675532,20180415165326,20190406173806,200,powerpoints/education-gov-au/au-gov-education-heimshelp-sites-heimshelp-files-documents-support-documents-training-webinar-validating-your-data-pptx-20190406173806.pptx
43,"au,gov,education,heimshelp)/sites/heimshelp/files/documents/support/documents/training/webinar-vet-completions-q-and-a.pptx",20190406174003,https://heimshelp.education.gov.au/sites/heimshelp/files/documents/Support/Documents/Training/Webinar-VET-Completions-Q-and-A.pptx,application/vnd.openxmlformats-officedocument.presentationml.presentation,200,FH73NDFQPB4PPTZ4KNXDUWXEFLWWJO3Z,1579247,20170318054544,20190406174003,200,powerpoints/education-gov-au/au-gov-education-heimshelp-sites-heimshelp-files-documents-support-documents-training-webinar-vet-completions-q-and-a-pptx-20190406174003.pptx
44,"au,gov,education,heimshelp)/sites/heimshelp/files/response-to-the-discussion-paper-8-june.ppsx",20190321235745,https://heimshelp.education.gov.au/sites/heimshelp/files/response-to-the-discussion-paper-8-june.ppsx,application/vnd.openxmlformats-officedocument.presentationml.slideshow,200,7E5T4YV7BHP37YQ234MCBRPUCAMJQITQ,1335507,20180622001959,20190321235745,200,powerpoints/education-gov-au/au-gov-education-heimshelp-sites-heimshelp-files-response-to-the-discussion-paper-8-june-ppsx-20190321235745.ppsx
45,"au,gov,education,heimshelp)/sites/heimshelp/files/roadshow-feedback-webinar.pptx?v=1533779715",20190321235655,https://heimshelp.education.gov.au/sites/heimshelp/files/roadshow-feedback-webinar.pptx?v=1533779715,application/vnd.openxmlformats-officedocument.presentationml.presentation,200,3V7I537JKTK3OEBHQK7WFUG6HIVINWHO,2471646,20190321235655,20190321235655,200,powerpoints/education-gov-au/au-gov-education-heimshelp-sites-heimshelp-files-roadshow-feedback-webinar-pptx-v-1533779715-20190321235655.pptx
46,"au,gov,education,heimshelp)/sites/heimshelp/files/tcsi-proposed-solution-8-june.ppsx",20190321235819,https://heimshelp.education.gov.au/sites/heimshelp/files/tcsi-proposed-solution-8-june.ppsx,application/vnd.openxmlformats-officedocument.presentationml.slideshow,200,XU6BUFZF3XQGA47EO62U5ARR65OCWMIW,1387652,20180622002543,20190321235819,200,powerpoints/education-gov-au/au-gov-education-heimshelp-sites-heimshelp-files-tcsi-proposed-solution-8-june-ppsx-20190321235819.ppsx
47,"au,gov,education,heimshelp)/sites/heimshelp/files/tcsi-roadshow-presentation.ppsx",20190321235544,https://heimshelp.education.gov.au/sites/heimshelp/files/tcsi-roadshow-presentation.ppsx,application/vnd.openxmlformats-officedocument.presentationml.slideshow,200,Y6KALJGMIAE26ZDF52C67SNDTDG7GPME,2702316,20190321235544,20190321235544,200,powerpoints/education-gov-au/au-gov-education-heimshelp-sites-heimshelp-files-tcsi-roadshow-presentation-ppsx-20190321235544.ppsx
48,"au,gov,education,heimshelp)/sites/heimshelp/files/webinar-2020-reporting-requirements-and-portal-follow-up-15-feb-2019.pptx",20190321234930,https://heimshelp.education.gov.au/sites/heimshelp/files/webinar-2020-reporting-requirements-and-portal-follow-up-15-feb-2019.pptx,application/vnd.openxmlformats-officedocument.presentationml.presentation,200,LAMP4VAKEHEN3BDJV3DEY6UMZ5FGITVE,2213011,20190321234930,20190321234930,200,powerpoints/education-gov-au/au-gov-education-heimshelp-sites-heimshelp-files-webinar-2020-reporting-requirements-and-portal-follow-up-15-feb-2019-pptx-20190321234930.pptx
49,"au,gov,education,heimshelp)/sites/heimshelp/files/webinar-pir-heims-online.pptx",20190319112846,https://heimshelp.education.gov.au/sites/heimshelp/files/webinar-pir-heims-online.pptx,application/vnd.openxmlformats-officedocument.presentationml.presentation,200,PC5KNNX5OSGLFXABXNOTGFTCIAHLLWA7,2506121,20190319112846,20190319112846,200,powerpoints/education-gov-au/au-gov-education-heimshelp-sites-heimshelp-files-webinar-pir-heims-online-pptx-20190319112846.pptx
50,"au,gov,education,heimshelp)/sites/heimshelp/files/webinar-pir-heims-online_0.pptx?v=1534815076",20190319113402,https://heimshelp.education.gov.au/sites/heimshelp/files/webinar-pir-heims-online_0.pptx?v=1534815076,application/vnd.openxmlformats-officedocument.presentationml.presentation,200,GDQPJSTOHNFFHG3SWFMG7XUVOWEA4XZZ,1768719,20190319113402,20190319113402,200,powerpoints/education-gov-au/au-gov-education-heimshelp-sites-heimshelp-files-webinar-pir-heims-online-0-pptx-v-1534815076-20190319113402.pptx
51,"au,gov,education,heimshelp)/sites/heimshelp/files/webinar-pir-introduction-to-heims.pptx",20190319113224,https://heimshelp.education.gov.au/sites/heimshelp/files/webinar-pir-introduction-to-heims.pptx,application/vnd.openxmlformats-officedocument.presentationml.presentation,200,OFJJ2UX276V5CBQ3PH6TMZWJ7CZGBRX4,1471767,20190319113224,20190319113224,200,powerpoints/education-gov-au/au-gov-education-heimshelp-sites-heimshelp-files-webinar-pir-introduction-to-heims-pptx-20190319113224.pptx
52,"au,gov,education,heimshelp)/sites/heimshelp/files/webinar-pir-staff-data.pptx",20190319113442,https://heimshelp.education.gov.au/sites/heimshelp/files/webinar-pir-staff-data.pptx,application/vnd.openxmlformats-officedocument.presentationml.presentation,200,LADFWIROP7F3UHC5BBBBRJKGML46B3PZ,1239366,20190319113442,20190319113442,200,powerpoints/education-gov-au/au-gov-education-heimshelp-sites-heimshelp-files-webinar-pir-staff-data-pptx-20190319113442.pptx
53,"au,gov,education,heimshelp)/sites/heimshelp/files/webinar-pir-validating-your-data.pptx",20190319111859,https://heimshelp.education.gov.au/sites/heimshelp/files/webinar-pir-validating-your-data.pptx,application/vnd.openxmlformats-officedocument.presentationml.presentation,200,L37LURSYVDHDXWVGJ5U67HKH4WOVQEHR,1250599,20190319111859,20190319111859,200,powerpoints/education-gov-au/au-gov-education-heimshelp-sites-heimshelp-files-webinar-pir-validating-your-data-pptx-20190319111859.pptx
54,"au,gov,education,heimshelp)/sites/heimshelp/files/webinar-reporting-getting-started.pptx?v=1550102800",20190406173457,https://heimshelp.education.gov.au/sites/heimshelp/files/webinar-reporting-getting-started.pptx?v=1550102800,application/vnd.openxmlformats-officedocument.presentationml.presentation,200,HVNRDRZOGASRT5DGRII652PZBAWMIZQ6,1652708,20190406173457,20190406173457,200,powerpoints/education-gov-au/au-gov-education-heimshelp-sites-heimshelp-files-webinar-reporting-getting-started-pptx-v-1550102800-20190406173457.pptx
55,"au,gov,education,heimshelp)/sites/heimshelp/files/webinar-reporting-with-hepcat.pptx?v=1550102774",20190406173615,https://heimshelp.education.gov.au/sites/heimshelp/files/webinar-reporting-with-hepcat.pptx?v=1550102774,application/vnd.openxmlformats-officedocument.presentationml.presentation,200,EWXQ3XN2YZJTXSPLOOCKUY5YLNDYSZC5,1479538,20190406173615,20190406173615,200,powerpoints/education-gov-au/au-gov-education-heimshelp-sites-heimshelp-files-webinar-reporting-with-hepcat-pptx-v-1550102774-20190406173615.pptx
56,"au,gov,education,heimshelp)/sites/heimshelp/files/webinar-shining-a-spotlight-on-changes-27-feb-2019.pptx",20190321234818,https://heimshelp.education.gov.au/sites/heimshelp/files/webinar-shining-a-spotlight-on-changes-27-feb-2019.pptx,application/vnd.openxmlformats-officedocument.presentationml.presentation,200,X33XTNJKOQXXFVWPNIST7WRNTSYRF7WV,2111170,20190321234818,20190321234818,200,powerpoints/education-gov-au/au-gov-education-heimshelp-sites-heimshelp-files-webinar-shining-a-spotlight-on-changes-27-feb-2019-pptx-20190321234818.pptx
57,"au,gov,education,heimshelp)/sites/heimshelp/files/webinar-tcsi-portal-demo-07-feb-2019-web.pptx",20190321235014,https://heimshelp.education.gov.au/sites/heimshelp/files/webinar-tcsi-portal-demo-07-feb-2019-web.pptx,application/vnd.openxmlformats-officedocument.presentationml.presentation,200,75BCJCRV6JB3SI554MJXMLFHUGUJE7ZK,751442,20190321235014,20190321235014,200,powerpoints/education-gov-au/au-gov-education-heimshelp-sites-heimshelp-files-webinar-tcsi-portal-demo-07-feb-2019-web-pptx-20190321235014.pptx
58,"au,gov,education,heimshelp)/sites/heimshelp/pir/documents/webinar-pir-heims-online.pptx",20170220230848,http://heimshelp.education.gov.au/sites/heimshelp/PIR/Documents/Webinar-PIR-HEIMS-Online.pptx,application/vnd.ms-powerpoint.presentation.12,200,QYYXI7AML4FF5DFF7GJAD4NTTSY4VF3Y,1180093,20170220230848,20170618083314,404,powerpoints/education-gov-au/au-gov-education-heimshelp-sites-heimshelp-pir-documents-webinar-pir-heims-online-pptx-20170220230848.pptx
59,"au,gov,education,heimshelp)/sites/heimshelp/pir/documents/webinar-pir-heims-online.pptx",20180327163409,http://heimshelp.education.gov.au/sites/heimshelp/PIR/Documents/Webinar-PIR-HEIMS-Online.pptx,application/vnd.ms-powerpoint.presentation.12,200,T6YUFIFYJE7NQUHI3DSAT4HKNLBS5DCM,2541762,20180327163409,20180327163409,404,powerpoints/education-gov-au/au-gov-education-heimshelp-sites-heimshelp-pir-documents-webinar-pir-heims-online-pptx-20180327163409.pptx
60,"au,gov,education,heimshelp)/sites/heimshelp/pir/documents/webinar-pir-introduction-to-heims.pptx",20170220225816,http://heimshelp.education.gov.au/sites/heimshelp/PIR/Documents/Webinar-PIR-Introduction-to-HEIMS.pptx,application/vnd.ms-powerpoint.presentation.12,200,M27CK5YPOAV5OMNX6BQIS2R5IU3CDNDS,1760015,20170220225816,20170618083320,404,powerpoints/education-gov-au/au-gov-education-heimshelp-sites-heimshelp-pir-documents-webinar-pir-introduction-to-heims-pptx-20170220225816.pptx
61,"au,gov,education,heimshelp)/sites/heimshelp/pir/documents/webinar-pir-introduction-to-heims.pptx",20180327163700,http://heimshelp.education.gov.au/sites/heimshelp/PIR/Documents/Webinar-PIR-Introduction-to-HEIMS.pptx,application/vnd.ms-powerpoint.presentation.12,200,UJ6XPILGZ75V2AC3EY6ZEN5KXK24JWYM,1552132,20180327163700,20180327163700,404,powerpoints/education-gov-au/au-gov-education-heimshelp-sites-heimshelp-pir-documents-webinar-pir-introduction-to-heims-pptx-20180327163700.pptx
62,"au,gov,education,heimshelp)/sites/heimshelp/pir/documents/webinar-pir-reporting-with-hepcat.pptx",20170220230429,http://heimshelp.education.gov.au/sites/heimshelp/PIR/Documents/Webinar-PIR-Reporting-with-HEPCAT.pptx,application/vnd.ms-powerpoint.presentation.12,200,XPGZM73CH7DIWB6B57PRGSGOT54OPPSJ,3164140,20170220230429,20170618081711,404,powerpoints/education-gov-au/au-gov-education-heimshelp-sites-heimshelp-pir-documents-webinar-pir-reporting-with-hepcat-pptx-20170220230429.pptx
63,"au,gov,education,heimshelp)/sites/heimshelp/pir/documents/webinar-pir-reporting-with-hepcat.pptx",20180327163949,http://heimshelp.education.gov.au/sites/heimshelp/PIR/Documents/Webinar-PIR-Reporting-with-HEPCAT.pptx,application/vnd.ms-powerpoint.presentation.12,200,IKMJOM4GVEZUGVM7CEIRU6EUQB7F2DQV,3187082,20180327163949,20180327163949,404,powerpoints/education-gov-au/au-gov-education-heimshelp-sites-heimshelp-pir-documents-webinar-pir-reporting-with-hepcat-pptx-20180327163949.pptx
64,"au,gov,education,heimshelp)/sites/heimshelp/pir/documents/webinar-pir-staff-data.pptx",20170220231125,http://heimshelp.education.gov.au/sites/heimshelp/PIR/Documents/Webinar-PIR-Staff-data.pptx,application/vnd.ms-powerpoint.presentation.12,200,3G3KXKN3I3KKQJVCWDQSPJZNE2E7O6KT,1476922,20170220231125,20170618083325,404,powerpoints/education-gov-au/au-gov-education-heimshelp-sites-heimshelp-pir-documents-webinar-pir-staff-data-pptx-20170220231125.pptx
65,"au,gov,education,heimshelp)/sites/heimshelp/pir/documents/webinar-pir-staff-data.pptx",20180327164125,http://heimshelp.education.gov.au/sites/heimshelp/PIR/Documents/Webinar-PIR-Staff-data.pptx,application/vnd.ms-powerpoint.presentation.12,200,JZE2I4XLMBWXIAJBWWUVHGGXM3EVM56M,1261173,20180327164125,20180327164125,404,powerpoints/education-gov-au/au-gov-education-heimshelp-sites-heimshelp-pir-documents-webinar-pir-staff-data-pptx-20180327164125.pptx
66,"au,gov,education,heimshelp)/sites/heimshelp/pir/documents/webinar-pir-validating-your-data.pptx",20170220224053,http://heimshelp.education.gov.au/sites/heimshelp/PIR/Documents/Webinar-PIR-Validating-your-data.pptx,application/vnd.ms-powerpoint.presentation.12,200,S2HWH5YFPVYDFWECO2GYIFUZUN3VDPCF,1361245,20170220224053,20170618002918,404,powerpoints/education-gov-au/au-gov-education-heimshelp-sites-heimshelp-pir-documents-webinar-pir-validating-your-data-pptx-20170220224053.pptx
67,"au,gov,education,heimshelp)/sites/heimshelp/pir/documents/webinar-pir-validating-your-data.pptx",20180327161740,http://heimshelp.education.gov.au/sites/heimshelp/PIR/Documents/Webinar-PIR-Validating-your-data.pptx,application/vnd.ms-powerpoint.presentation.12,200,2RJSP2BNG6TWHUOX7UNXG2ZMMT5NARQG,1158280,20180327161740,20180327161740,404,powerpoints/education-gov-au/au-gov-education-heimshelp-sites-heimshelp-pir-documents-webinar-pir-validating-your-data-pptx-20180327161740.pptx
68,"au,gov,education,heimshelp)/sites/heimshelp/resources/documents/providers-data-collections-survey-presentation.ppsx",20180406224450,http://heimshelp.education.gov.au/sites/heimshelp/Resources/Documents/Providers-Data-Collections-Survey-Presentation.ppsx,application/vnd.ms-powerpoint.show.12,200,KYORUUAX3XFOCCFLTUH5RGJ56IDVAQ7V,226184,20180406224450,20180406224450,404,powerpoints/education-gov-au/au-gov-education-heimshelp-sites-heimshelp-resources-documents-providers-data-collections-survey-presentation-ppsx-20180406224450.ppsx
69,"au,gov,education,heimshelp)/sites/heimshelp/support/documents/training/2014-ministerial-notice-update-os-help-hecs-help.pptx",20150329090950,http://heimshelp.education.gov.au/sites/heimshelp/Support/Documents/Training/2014-Ministerial-Notice-Update-OS-HELP-HECS-HELP.pptx,application/vnd.ms-powerpoint.presentation.12,200,FRVDNEOEJEAHGKGP3ZX5IFFYH7HYKGDV,335575,20150329090950,20150329090950,404,powerpoints/education-gov-au/au-gov-education-heimshelp-sites-heimshelp-support-documents-training-2014-ministerial-notice-update-os-help-hecs-help-pptx-20150329090950.pptx
70,"au,gov,education,heimshelp)/sites/heimshelp/support/documents/training/2014-ministerial-notice-update-os-help-hecs-help.pptx",20160312132040,http://heimshelp.education.gov.au/sites/heimshelp/Support/Documents/Training/2014-Ministerial-Notice-Update-OS-HELP-HECS-HELP.pptx,application/vnd.ms-powerpoint.presentation.12,200,CC5B6IKBNXUBJGEER6UNYI7UJCBM572B,335209,20160312132040,20160312132040,404,powerpoints/education-gov-au/au-gov-education-heimshelp-sites-heimshelp-support-documents-training-2014-ministerial-notice-update-os-help-hecs-help-pptx-20160312132040.pptx
71,"au,gov,education,heimshelp)/sites/heimshelp/support/documents/training/webinar-commencement-date-revision-submission.pptx",20150329091047,http://heimshelp.education.gov.au/sites/heimshelp/Support/Documents/Training/Webinar-Commencement-Date-Revision-Submission.pptx,application/vnd.ms-powerpoint.presentation.12,200,Z57OK4L4DOLSEWYQ75LNWBSRONYOGVY5,1588057,20150329091047,20150329091047,404,powerpoints/education-gov-au/au-gov-education-heimshelp-sites-heimshelp-support-documents-training-webinar-commencement-date-revision-submission-pptx-20150329091047.pptx
72,"au,gov,education,heimshelp)/sites/heimshelp/support/documents/training/webinar-commencement-date-revision-submission.pptx",20160312132128,http://heimshelp.education.gov.au/sites/heimshelp/Support/Documents/Training/Webinar-Commencement-Date-Revision-Submission.pptx,application/vnd.ms-powerpoint.presentation.12,200,4JY7XPLDSOQOFTSFEGOXP7YEFXQFVFM3,1191015,20160312132128,20160312132128,404,powerpoints/education-gov-au/au-gov-education-heimshelp-sites-heimshelp-support-documents-training-webinar-commencement-date-revision-submission-pptx-20160312132128.pptx
73,"au,gov,education,heimshelp)/sites/heimshelp/support/documents/training/webinar-higher-education-ministerial-notice-2017.pptx",20160816100756,http://heimshelp.education.gov.au:80/sites/heimshelp/Support/Documents/Training/Webinar-Higher-Education-Ministerial-Notice-2017.pptx,application/vnd.ms-powerpoint.presentation.12,200,3ZNRBIQTBTCR7DWYIRN5OQW2ONCXRIYS,421450,20160816100756,20160816100756,404,powerpoints/education-gov-au/au-gov-education-heimshelp-sites-heimshelp-support-documents-training-webinar-higher-education-ministerial-notice-2017-pptx-20160816100756.pptx
74,"au,gov,education,heimshelp)/sites/heimshelp/support/documents/training/webinar-higher-education-ministerial-notice-2017.pptx",20170318054032,http://heimshelp.education.gov.au/sites/heimshelp/Support/Documents/Training/Webinar-Higher-Education-Ministerial-Notice-2017.pptx,application/vnd.ms-powerpoint.presentation.12,200,4P37M7MC55N62WGTKUCIDXAGKSRYEQF6,421617,20170318054032,20180415164943,404,powerpoints/education-gov-au/au-gov-education-heimshelp-sites-heimshelp-support-documents-training-webinar-higher-education-ministerial-notice-2017-pptx-20170318054032.pptx
75,"au,gov,education,heimshelp)/sites/heimshelp/support/documents/training/webinar-monitoring-students-use-of-help.pptx",20170318055058,http://heimshelp.education.gov.au/sites/heimshelp/Support/Documents/Training/Webinar-Monitoring-students-use-of-HELP.pptx,application/vnd.ms-powerpoint.presentation.12,200,TLZAYRM2RSCBSEOOSUTKD7JT3SJLQBKZ,2576418,20170318055058,20170318055058,404,powerpoints/education-gov-au/au-gov-education-heimshelp-sites-heimshelp-support-documents-training-webinar-monitoring-students-use-of-help-pptx-20170318055058.pptx
76,"au,gov,education,heimshelp)/sites/heimshelp/support/documents/training/webinar-new-commencement-date-revision-submission.pptx",20140808124749,http://heimshelp.education.gov.au:80/sites/heimshelp/Support/Documents/Training/Webinar-New-Commencement-Date-Revision-Submission.pptx,application/vnd.ms-powerpoint.presentation.12,200,MN3IXOPNKVV2JYL7SZC3EQ6OPWZ5XEUI,1590911,20140808124749,20140808124749,404,powerpoints/education-gov-au/au-gov-education-heimshelp-sites-heimshelp-support-documents-training-webinar-new-commencement-date-revision-submission-pptx-20140808124749.pptx
77,"au,gov,education,heimshelp)/sites/heimshelp/support/documents/training/webinar-new-online-registration-process.pptx",20170318053946,http://heimshelp.education.gov.au/sites/heimshelp/Support/Documents/Training/Webinar-New-online-registration-process.pptx,application/vnd.ms-powerpoint.presentation.12,200,KOSTP3MRO257O2FBHNIAHNFAYE4W6V5J,2261883,20170318053946,20170318053946,404,powerpoints/education-gov-au/au-gov-education-heimshelp-sites-heimshelp-support-documents-training-webinar-new-online-registration-process-pptx-20170318053946.pptx
78,"au,gov,education,heimshelp)/sites/heimshelp/support/documents/training/webinar-reporting-completions-data-vet.pptx",20170318054505,http://heimshelp.education.gov.au/sites/heimshelp/Support/Documents/Training/Webinar-Reporting-completions-data-VET.pptx,application/vnd.ms-powerpoint.presentation.12,200,2GHCAQBFA4XKV3VSTEXRMNIRNFJIR5VZ,2020550,20170318054505,20180415165446,404,powerpoints/education-gov-au/au-gov-education-heimshelp-sites-heimshelp-support-documents-training-webinar-reporting-completions-data-vet-pptx-20170318054505.pptx
79,"au,gov,education,heimshelp)/sites/heimshelp/support/documents/training/webinar-reporting-completions-data.pptx",20150329090636,http://heimshelp.education.gov.au/sites/heimshelp/Support/Documents/Training/Webinar-Reporting-completions-data.pptx,application/vnd.ms-powerpoint.presentation.12,200,Q64KFWSNVVMERIKZFQ4QETPBO4T7DUDK,2141880,20150329090636,20150329090636,404,powerpoints/education-gov-au/au-gov-education-heimshelp-sites-heimshelp-support-documents-training-webinar-reporting-completions-data-pptx-20150329090636.pptx
80,"au,gov,education,heimshelp)/sites/heimshelp/support/documents/training/webinar-reporting-completions-data.pptx",20160312131810,http://heimshelp.education.gov.au/sites/heimshelp/Support/Documents/Training/Webinar-Reporting-completions-data.pptx,application/vnd.ms-powerpoint.presentation.12,200,23Y23JE7CYNQY576MG2RG4IXEV3VM7K2,2113165,20160312131810,20160312131810,404,powerpoints/education-gov-au/au-gov-education-heimshelp-sites-heimshelp-support-documents-training-webinar-reporting-completions-data-pptx-20160312131810.pptx
81,"au,gov,education,heimshelp)/sites/heimshelp/support/documents/training/webinar-reporting-getting-started.pptx",20150329090146,http://heimshelp.education.gov.au/sites/heimshelp/Support/Documents/Training/Webinar-Reporting-Getting-Started.pptx,application/vnd.ms-powerpoint.presentation.12,200,WTET2EVCZW5ZMU7QWA4CPUT6WOL6DLOC,5452842,20150329090146,20150329090146,404,powerpoints/education-gov-au/au-gov-education-heimshelp-sites-heimshelp-support-documents-training-webinar-reporting-getting-started-pptx-20150329090146.pptx
82,"au,gov,education,heimshelp)/sites/heimshelp/support/documents/training/webinar-reporting-getting-started.pptx",20160312131305,http://heimshelp.education.gov.au/sites/heimshelp/Support/Documents/Training/Webinar-Reporting-Getting-Started.pptx,application/vnd.ms-powerpoint.presentation.12,200,JMFONZ5BZKU5IWRE4OX6CHMPSH744UPF,1972015,20160312131305,20160312131305,404,powerpoints/education-gov-au/au-gov-education-heimshelp-sites-heimshelp-support-documents-training-webinar-reporting-getting-started-pptx-20160312131305.pptx
83,"au,gov,education,heimshelp)/sites/heimshelp/support/documents/training/webinar-reporting-getting-started.pptx",20170318054110,http://heimshelp.education.gov.au/sites/heimshelp/Support/Documents/Training/Webinar-Reporting-Getting-Started.pptx,application/vnd.ms-powerpoint.presentation.12,200,3DOO6KIQ57WZ7NW7BDEIXMGNKXBVITO4,1974689,20170318054110,20170318054110,404,powerpoints/education-gov-au/au-gov-education-heimshelp-sites-heimshelp-support-documents-training-webinar-reporting-getting-started-pptx-20170318054110.pptx
84,"au,gov,education,heimshelp)/sites/heimshelp/support/documents/training/webinar-reporting-getting-started.pptx",20180415165028,http://heimshelp.education.gov.au/sites/heimshelp/Support/Documents/Training/Webinar-Reporting-Getting-Started.pptx,application/vnd.ms-powerpoint.presentation.12,200,JQ2KZQLRL3HGDMBJQXT5PIFO3Z2ZWSZE,1632330,20180415165028,20180415165028,404,powerpoints/education-gov-au/au-gov-education-heimshelp-sites-heimshelp-support-documents-training-webinar-reporting-getting-started-pptx-20180415165028.pptx
85,"au,gov,education,heimshelp)/sites/heimshelp/support/documents/training/webinar-reporting-staff-data.pptx",20150329091020,http://heimshelp.education.gov.au/sites/heimshelp/Support/Documents/Training/Webinar-Reporting-staff-data.pptx,application/vnd.ms-powerpoint.presentation.12,200,PEP2FZO2SZG3737KRW5B35HXBWDANEC7,1004330,20150329091020,20150329091020,404,powerpoints/education-gov-au/au-gov-education-heimshelp-sites-heimshelp-support-documents-training-webinar-reporting-staff-data-pptx-20150329091020.pptx
86,"au,gov,education,heimshelp)/sites/heimshelp/support/documents/training/webinar-reporting-staff-data.pptx",20160312132106,http://heimshelp.education.gov.au/sites/heimshelp/Support/Documents/Training/Webinar-Reporting-staff-data.pptx,application/vnd.ms-powerpoint.presentation.12,200,BDQYNJWK5R5A7CSDCM5Q7AUQVZ4I75FV,1003928,20160312132106,20160312132106,404,powerpoints/education-gov-au/au-gov-education-heimshelp-sites-heimshelp-support-documents-training-webinar-reporting-staff-data-pptx-20160312132106.pptx
87,"au,gov,education,heimshelp)/sites/heimshelp/support/documents/training/webinar-reporting-staff-data.pptx",20170318055226,http://heimshelp.education.gov.au/sites/heimshelp/Support/Documents/Training/Webinar-Reporting-staff-data.pptx,application/vnd.ms-powerpoint.presentation.12,200,J7AYQWJ26YJJ5MGKDPRC7XEEZKDIIMD3,1003935,20170318055226,20170318055226,404,powerpoints/education-gov-au/au-gov-education-heimshelp-sites-heimshelp-support-documents-training-webinar-reporting-staff-data-pptx-20170318055226.pptx
88,"au,gov,education,heimshelp)/sites/heimshelp/support/documents/training/webinar-reporting-with-hepcat-part-1.pptx",20150329090319,http://heimshelp.education.gov.au/sites/heimshelp/Support/Documents/Training/Webinar-Reporting-with-HEPCAT-Part-1.pptx,application/vnd.ms-powerpoint.presentation.12,200,CIK3KI3MEPU2KF3EPPUGTIHFO6MAUIXS,6031775,20150329090319,20150329090319,404,powerpoints/education-gov-au/au-gov-education-heimshelp-sites-heimshelp-support-documents-training-webinar-reporting-with-hepcat-part-1-pptx-20150329090319.pptx
89,"au,gov,education,heimshelp)/sites/heimshelp/support/documents/training/webinar-reporting-with-hepcat-part-1.pptx",20160312131421,http://heimshelp.education.gov.au/sites/heimshelp/Support/Documents/Training/Webinar-Reporting-with-HEPCAT-Part-1.pptx,application/vnd.ms-powerpoint.presentation.12,200,UKVA2HFKI2HLPIHFDU3KDGFISGB6SC4E,9862119,20160312131421,20160312131421,404,powerpoints/education-gov-au/au-gov-education-heimshelp-sites-heimshelp-support-documents-training-webinar-reporting-with-hepcat-part-1-pptx-20160312131421.pptx
90,"au,gov,education,heimshelp)/sites/heimshelp/support/documents/training/webinar-reporting-with-hepcat-part-2.pptx",20150329090439,http://heimshelp.education.gov.au/sites/heimshelp/Support/Documents/Training/Webinar-Reporting-with-HEPCAT-Part-2.pptx,application/vnd.ms-powerpoint.presentation.12,200,ZZCPARMANROR3PQTIZ3UXQML535F3Z2O,8651270,20150329090439,20150329090439,404,powerpoints/education-gov-au/au-gov-education-heimshelp-sites-heimshelp-support-documents-training-webinar-reporting-with-hepcat-part-2-pptx-20150329090439.pptx
91,"au,gov,education,heimshelp)/sites/heimshelp/support/documents/training/webinar-reporting-with-hepcat-part-2.pptx",20160312131555,http://heimshelp.education.gov.au/sites/heimshelp/Support/Documents/Training/Webinar-Reporting-with-HEPCAT-Part-2.pptx,application/vnd.ms-powerpoint.presentation.12,200,2AVU64RB6L7WXXT7NBYV2ESX6K56AMWX,13289616,20160312131555,20160312131555,404,powerpoints/education-gov-au/au-gov-education-heimshelp-sites-heimshelp-support-documents-training-webinar-reporting-with-hepcat-part-2-pptx-20160312131555.pptx
92,"au,gov,education,heimshelp)/sites/heimshelp/support/documents/training/webinar-reporting-with-hepcat.pptx",20170318054226,http://heimshelp.education.gov.au/sites/heimshelp/Support/Documents/Training/Webinar-Reporting-with-HEPCAT.pptx,application/vnd.ms-powerpoint.presentation.12,200,5SFP4QQJ5EF3C4FREO5WB6ZYBGF6HZWK,3068739,20170318054226,20170318054226,404,powerpoints/education-gov-au/au-gov-education-heimshelp-sites-heimshelp-support-documents-training-webinar-reporting-with-hepcat-pptx-20170318054226.pptx
93,"au,gov,education,heimshelp)/sites/heimshelp/support/documents/training/webinar-reporting-with-hepcat.pptx",20180415165203,http://heimshelp.education.gov.au/sites/heimshelp/Support/Documents/Training/Webinar-Reporting-with-HEPCAT.pptx,application/vnd.ms-powerpoint.presentation.12,200,2CQTG26NQFFVHGFUVNJYCW7R7VMDFLEQ,1547622,20180415165203,20180415165203,404,powerpoints/education-gov-au/au-gov-education-heimshelp-sites-heimshelp-support-documents-training-webinar-reporting-with-hepcat-pptx-20180415165203.pptx
94,"au,gov,education,heimshelp)/sites/heimshelp/support/documents/training/webinar-reviewing-your-reported-data.pptx",20150329090714,http://heimshelp.education.gov.au/sites/heimshelp/Support/Documents/Training/Webinar-Reviewing-your-reported-data.pptx,application/vnd.ms-powerpoint.presentation.12,200,3AZFW2TLZUDMZC2IWFV4X75JE76WVGJY,2346312,20150329090714,20150329090714,404,powerpoints/education-gov-au/au-gov-education-heimshelp-sites-heimshelp-support-documents-training-webinar-reviewing-your-reported-data-pptx-20150329090714.pptx
95,"au,gov,education,heimshelp)/sites/heimshelp/support/documents/training/webinar-reviewing-your-reported-data.pptx",20160312131852,http://heimshelp.education.gov.au/sites/heimshelp/Support/Documents/Training/Webinar-Reviewing-your-reported-data.pptx,application/vnd.ms-powerpoint.presentation.12,200,N7GYVZEDYRFSR5E6FTYVJX4K7562I5HH,2298730,20160312131852,20160312131852,404,powerpoints/education-gov-au/au-gov-education-heimshelp-sites-heimshelp-support-documents-training-webinar-reviewing-your-reported-data-pptx-20160312131852.pptx
96,"au,gov,education,heimshelp)/sites/heimshelp/support/documents/training/webinar-revising-your-data.pptx",20150329090828,http://heimshelp.education.gov.au/sites/heimshelp/Support/Documents/Training/Webinar-Revising-your-data.pptx,application/vnd.ms-powerpoint.presentation.12,200,EKTXDZJGJGV35IXV3Y7XGK7WOGNU43LB,1766439,20150329090828,20150329090828,404,powerpoints/education-gov-au/au-gov-education-heimshelp-sites-heimshelp-support-documents-training-webinar-revising-your-data-pptx-20150329090828.pptx
97,"au,gov,education,heimshelp)/sites/heimshelp/support/documents/training/webinar-revising-your-data.pptx",20160312132010,http://heimshelp.education.gov.au/sites/heimshelp/Support/Documents/Training/Webinar-Revising-your-data.pptx,application/vnd.ms-powerpoint.presentation.12,200,CIUBEDRYF2ODKETL3NDCPY5LN7NAG2R3,1295079,20160312132010,20160312132010,404,powerpoints/education-gov-au/au-gov-education-heimshelp-sites-heimshelp-support-documents-training-webinar-revising-your-data-pptx-20160312132010.pptx
98,"au,gov,education,heimshelp)/sites/heimshelp/support/documents/training/webinar-revising-your-data.pptx",20170318054726,http://heimshelp.education.gov.au/sites/heimshelp/Support/Documents/Training/Webinar-Revising-your-data.pptx,application/vnd.ms-powerpoint.presentation.12,200,MHGKA242IMMTUWU6YKBOKEPUKWMUP7IE,1297200,20170318054726,20170318054726,404,powerpoints/education-gov-au/au-gov-education-heimshelp-sites-heimshelp-support-documents-training-webinar-revising-your-data-pptx-20170318054726.pptx
99,"au,gov,education,heimshelp)/sites/heimshelp/support/documents/training/webinar-simplifying-verification-he.pptx",20170318054947,http://heimshelp.education.gov.au/sites/heimshelp/Support/Documents/Training/Webinar-Simplifying-Verification-HE.pptx,application/vnd.ms-powerpoint.presentation.12,200,KCSFE72ILOCN2HPN7U4GLZLAAD27QSA2,2090497,20170318054947,20170318054947,404,powerpoints/education-gov-au/au-gov-education-heimshelp-sites-heimshelp-support-documents-training-webinar-simplifying-verification-he-pptx-20170318054947.pptx
100,"au,gov,education,heimshelp)/sites/heimshelp/support/documents/training/webinar-simplifying-verification-vet.pptx",20170318054851,http://heimshelp.education.gov.au/sites/heimshelp/Support/Documents/Training/Webinar-Simplifying-Verification-VET.pptx,application/vnd.ms-powerpoint.presentation.12,200,5QID2T7JTDYULKBU4A6GMADNZABLICMW,1839394,20170318054851,20170318054851,404,powerpoints/education-gov-au/au-gov-education-heimshelp-sites-heimshelp-support-documents-training-webinar-simplifying-verification-vet-pptx-20170318054851.pptx
101,"au,gov,education,heimshelp)/sites/heimshelp/support/documents/training/webinar-simplifying-verification.pptx",20150316163357,http://heimshelp.education.gov.au/sites/heimshelp/Support/Documents/Training/Webinar-Simplifying-Verification.pptx,application/vnd.ms-powerpoint.presentation.12,200,VU63DYA2B6SHGFSS752WNXGXT3WICV65,3510845,20150316163357,20150316163357,404,powerpoints/education-gov-au/au-gov-education-heimshelp-sites-heimshelp-support-documents-training-webinar-simplifying-verification-pptx-20150316163357.pptx
102,"au,gov,education,heimshelp)/sites/heimshelp/support/documents/training/webinar-simplifying-verification.pptx",20160304044158,http://heimshelp.education.gov.au/sites/heimshelp/Support/Documents/Training/Webinar-Simplifying-Verification.pptx,application/vnd.ms-powerpoint.presentation.12,200,6JP4EL2YJM6G3RNQLUQZZTK25YKUMASK,2548119,20160304044158,20160304044158,404,powerpoints/education-gov-au/au-gov-education-heimshelp-sites-heimshelp-support-documents-training-webinar-simplifying-verification-pptx-20160304044158.pptx
103,"au,gov,education,heimshelp)/sites/heimshelp/support/documents/training/webinar-simplifying-verification.pptx",20170227160049,http://heimshelp.education.gov.au/sites/heimshelp/Support/Documents/Training/Webinar-Simplifying-Verification.pptx,application/vnd.ms-powerpoint.presentation.12,200,QXYKHM6HX5IXFX34BXJU3YR2GGNABMIA,2023231,20170227160049,20180406225848,404,powerpoints/education-gov-au/au-gov-education-heimshelp-sites-heimshelp-support-documents-training-webinar-simplifying-verification-pptx-20170227160049.pptx
104,"au,gov,education,heimshelp)/sites/heimshelp/support/documents/training/webinar-student-concordance-submission.pptx",20150329091114,http://heimshelp.education.gov.au/sites/heimshelp/Support/Documents/Training/Webinar-Student-Concordance-Submission.pptx,application/vnd.ms-powerpoint.presentation.12,200,CIKFLILICLVDA4ROKNQU6ZPILW4BJNIT,312389,20150329091114,20150329091114,404,powerpoints/education-gov-au/au-gov-education-heimshelp-sites-heimshelp-support-documents-training-webinar-student-concordance-submission-pptx-20150329091114.pptx
105,"au,gov,education,heimshelp)/sites/heimshelp/support/documents/training/webinar-student-concordance-submission.pptx",20160312132146,http://heimshelp.education.gov.au/sites/heimshelp/Support/Documents/Training/Webinar-Student-Concordance-Submission.pptx,application/vnd.ms-powerpoint.presentation.12,200,3NC3YEK2WY2HLW5QA7K4OE4OC6NGQBD3,312361,20160312132146,20160312132146,404,powerpoints/education-gov-au/au-gov-education-heimshelp-sites-heimshelp-support-documents-training-webinar-student-concordance-submission-pptx-20160312132146.pptx
106,"au,gov,education,heimshelp)/sites/heimshelp/support/documents/training/webinar-student-help-entitlements-calculations.pptx",20150329090753,http://heimshelp.education.gov.au/sites/heimshelp/Support/Documents/Training/Webinar-Student-HELP-Entitlements-calculations.pptx,application/vnd.ms-powerpoint.presentation.12,200,ZE33ONENHMZY4S5VAWSBSWD2AUKDQPZM,2841424,20150329090753,20150329090753,404,powerpoints/education-gov-au/au-gov-education-heimshelp-sites-heimshelp-support-documents-training-webinar-student-help-entitlements-calculations-pptx-20150329090753.pptx
107,"au,gov,education,heimshelp)/sites/heimshelp/support/documents/training/webinar-student-help-entitlements-calculations.pptx",20160312131936,http://heimshelp.education.gov.au/sites/heimshelp/Support/Documents/Training/Webinar-Student-HELP-Entitlements-calculations.pptx,application/vnd.ms-powerpoint.presentation.12,200,M2CXJ4D7QRVPUT6OITVFTWVJWBCF2ZI6,2841389,20160312131936,20160312131936,404,powerpoints/education-gov-au/au-gov-education-heimshelp-sites-heimshelp-support-documents-training-webinar-student-help-entitlements-calculations-pptx-20160312131936.pptx
108,"au,gov,education,heimshelp)/sites/heimshelp/support/documents/training/webinar-universities-verification-forum.pptx",20150329090908,http://heimshelp.education.gov.au/sites/heimshelp/Support/Documents/Training/Webinar-Universities-Verification-Forum.pptx,application/vnd.ms-powerpoint.presentation.12,200,WQVVWQQ4ZAWZIGWXCGRIVNK23RMYXCDG,1486559,20150329090908,20150329090908,404,powerpoints/education-gov-au/au-gov-education-heimshelp-sites-heimshelp-support-documents-training-webinar-universities-verification-forum-pptx-20150329090908.pptx
109,"au,gov,education,heimshelp)/sites/heimshelp/support/documents/training/webinar-validating-your-data.pptx",20150329090603,http://heimshelp.education.gov.au/sites/heimshelp/Support/Documents/Training/Webinar-Validating-Your-Data.pptx,application/vnd.ms-powerpoint.presentation.12,200,4MVZ5MHUIEAQS3D2FYJ4XLRZCVTBLHSK,3395050,20150329090603,20150329090603,404,powerpoints/education-gov-au/au-gov-education-heimshelp-sites-heimshelp-support-documents-training-webinar-validating-your-data-pptx-20150329090603.pptx
110,"au,gov,education,heimshelp)/sites/heimshelp/support/documents/training/webinar-validating-your-data.pptx",20160312131731,http://heimshelp.education.gov.au/sites/heimshelp/Support/Documents/Training/Webinar-Validating-Your-Data.pptx,application/vnd.ms-powerpoint.presentation.12,200,VJW55IJO5PLHIF5HQQJWOUG2WLF2RSQ5,5668594,20160312131731,20160312131731,404,powerpoints/education-gov-au/au-gov-education-heimshelp-sites-heimshelp-support-documents-training-webinar-validating-your-data-pptx-20160312131731.pptx
111,"au,gov,education,heimshelp)/sites/heimshelp/support/documents/training/webinar-validating-your-data.pptx",20170318054347,http://heimshelp.education.gov.au/sites/heimshelp/Support/Documents/Training/Webinar-Validating-Your-Data.pptx,application/vnd.ms-powerpoint.presentation.12,200,DYEONQQIOG4JJE2ZIMLP3QYDPNRM5SBW,6116315,20170318054347,20170318054347,404,powerpoints/education-gov-au/au-gov-education-heimshelp-sites-heimshelp-support-documents-training-webinar-validating-your-data-pptx-20170318054347.pptx
